plasma_current,toroidal_magnetic_field,horizontal_displacement,vertical_displacement,line_integral_density(center_chord),c3_radiation,loop_voltage,axuv_01,axuv_02,axuv_03,axuv_04,axuv_05,axuv_06,axuv_07,axuv_08,axuv_09,axuv_10,axuv_11,axuv_12,axuv_13,axuv_14,axuv_15,axuv_16,axuv_17,axuv_18,axuv_19,axuv_20,axuv_21,axuv_22,soft_x_ray_01,soft_x_ray_02,soft_x_ray_03,soft_x_ray_04,soft_x_ray_05,soft_x_ray_06,soft_x_ray_07,soft_x_ray_08,soft_x_ray_09,soft_x_ray_10,soft_x_ray_11,soft_x_ray_12,soft_x_ray_13,soft_x_ray_14,soft_x_ray_15,soft_x_ray_16,soft_x_ray_17,soft_x_ray_18,soft_x_ray_19,soft_x_ray_20,soft_x_ray_21,soft_x_ray_22,soft_x_ray_23,soft_x_ray_24,soft_x_ray_25,soft_x_ray_26,soft_x_ray_27,soft_x_ray_28,soft_x_ray_29,soft_x_ray_30,soft_x_ray_31,soft_x_ray_32,soft_x_ray_33,soft_x_ray_34,soft_x_ray_35,soft_x_ray_36,soft_x_ray_37,soft_x_ray_38,poloidal_mirnov_probes_01,poloidal_mirnov_probes_02,poloidal_mirnov_probes_03,poloidal_mirnov_probes_04,poloidal_mirnov_probes_05,poloidal_mirnov_probes_06,poloidal_mirnov_probes_07,poloidal_mirnov_probes_08,poloidal_mirnov_probes_09,poloidal_mirnov_probes_10,poloidal_mirnov_probes_11,poloidal_mirnov_probes_12,poloidal_mirnov_probes_13,poloidal_mirnov_probes_14,poloidal_mirnov_probes_15,poloidal_mirnov_probes_16,poloidal_mirnov_probes_17,poloidal_mirnov_probes_18,toroidal_mirnov_probes_01,toroidal_mirnov_probes_02,toroidal_mirnov_probes_03,toroidal_mirnov_probes_04,toroidal_mirnov_probes_05,toroidal_mirnov_probes_06,toroidal_mirnov_probes_07,toroidal_mirnov_probes_09,toroidal_mirnov_probes_10,density_measurement1,density_measurement2,density_measurement3,density_measurement4,greenwald_fraction,lm_proxy,q95_proxy,ip_error_fraction,radiation_fraction,rotating_mode_proxy,unknown_bp_ka_top,unknown_bp_ef_top,unknown_bp_ka_bot,unknown_aminor,unknown_betan,unknown_kappa,unknown_li,unknown_wplasm,Is_disrupt
1351622395283104.0,308711.94,8588754.101699244,482.8289319971618,5.326269362401076e+42,261818380.0,4035.334776593981,inf,0.001985006771118565,0.004960642107258052,0.0108280656532369,0.016139471325140507,0.02510505846344969,,0.06833878568670368,0.0,0.16331259165585976,0.24421558605007815,0.3992521828053243,0.6035774483269883,0.784395213418178,0.9535583148353414,1.330492731628949,2.110489081703966,0.0,0.0005924051539131653,0.0,22.256020004118895,40.22950496395246,0.30666073532205246,0.5686848779499338,4.472277373978106,36.64034685285235,143.65941284641707,1182.777658281986,1133.2675861902164,2219.613981967396,930.7003885260959,497.4050357877138,290.9011535703547,4355.899327913685,31.368910119900054,2603.9864566762176,3.407097353184208,1.745477682896982,0.953803307329959,0.505676852750343,0.19208011931132832,0.07026640495497011,0.04237928165649682,0.02129603079486446,0.011519847922109664,0.00647559766465518,0.004056857058701808,0.0033817534599897346,0.00664907097729574,0.011851945541666891,0.03937343093148761,0.3115381986086263,0.3426370976739372,0.8408592225101488,3.0153758773272816,4.482478605103007,9.303444880992421,8.27136961912089,1058961.885708359,36.2742730588848,,,38516.812715153515,,,132982.74160620003,,32703.260563837823,,39659.122185678425,24108.47297843271,52209.11132846475,34543.54143131052,63242.30293876276,24556.40938699028,50941.38390051227,48345.02710890306,68888.73484823361,21035.33262900286,,61393.75073943839,28727.906096145067,35470.07316691277,33516.76182627492,39133.96494253596,29994.638547841838,29213.6260849014,124754.04222137584,37507.75793155368,168974.73127414417,38706.118698268045,65.37344682438761,0.0017524786825807428,49306.27586294542,7.470543436527461,1177.0110854670015,114.24109890041498,162340.18883493324,73554.71441972554,523712.45400480967,89.77767944671915,87.3142514460323,4608.577873836714,5149.738132836699,909519290958.8147,0
2030954841670862.0,300424.0,8222648.107131019,968.0167643887131,2.616990653702737e+38,100436460.0,5483.140604305674,inf,0.0008336896129886906,0.0024357010575776408,0.00458573323502261,0.0087625302473585,0.016710407927106215,,0.04405287150416891,0.0,0.06742808772641713,0.0900981446444763,0.19391033401340474,0.4574770142845042,0.7234745754390144,0.9851058734847625,1.4731458749074187,2.818982433336891,0.0,0.00035889550695983725,0.0,68.08230353021366,134.87280426120765,0.3183284181727513,0.45686004458556423,2.537984603492361,16.66198047810012,39.52679212454521,184.26023539639263,91.97836012269134,234.17181676036395,81.07446772990689,100.33478317915352,142.99415143583664,2176.949861436814,42.592065492829406,1385.342957666289,5.939785640251113,1.61381917816195,0.37235512136256027,0.13987622657262513,0.048325155079551645,0.0394811289619936,0.056895095281963896,0.059326132446736506,0.05862866942700134,0.04207662953285885,0.023973744457000994,0.020005933704734,0.038188242082951435,0.0702301480529567,0.22785665418330886,0.7957078985892085,0.5768977146805097,1.6815499400040466,5.924628819498493,11.883368010536472,14.856635371278214,19.338357708915023,1112038.5453003962,110.32803891478532,,,70536.99720999859,,,161815.5172837109,,74631.86050701333,,77924.99037103335,55744.85407217529,81873.6792400273,82000.19351545107,124374.78322388214,72946.02192816825,103844.11109323805,99618.82612833209,172824.60823750083,46539.16221903311,,105423.25330558844,67021.12608234948,81651.45801491592,77339.82608634526,78848.78745458642,85486.33723186125,82192.41816220742,218289.91377805042,77616.14294061446,239015.51408843423,62056.419780935845,0.00225015847411505,0.002195767010771752,29910.356065128344,7.3257981330902675,792.2326788898534,118.41147294417604,254481.5439240057,121949.80199277542,345067.3839058253,86.32972660813378,177.54968535133244,4027.0299780578357,3735.168492232371,2415033579051.1997,0
2107438485409055.0,302640.34,5327098.88999713,1073.7390473912933,7.390367593091439e+42,312965660.0,5561.634209206104,inf,inf,0.0049116998205988175,0.012952384082854393,0.024981447787773267,0.04965436529612069,0.0,0.1585160762878852,0.0,0.33017666220273145,0.4479948420494096,0.606551372898436,0.7526408135134386,0.83725447446753,0.9367727360235736,1.0741787055088252,1.4498676079545019,0.0,0.0,4.535393135201012,7.060252639905199,9.03316520051464,0.02964608914693889,0.07909871479197304,0.5177953532000392,2.2658374195593938,10.858663727134276,13.217388175580727,102.46111991276146,333.23208304772373,334.31155990558443,34.762123754515514,76.61179856929091,653.3320399872039,10.22969824166397,3470.7109142020195,2.7827296031590545,1.9526738983154392,1.427040934014343,1.028228466103844,0.738339713582954,0.45617499088800656,0.2932332995478384,0.15322617266710686,0.0822937276894126,0.04230430883750532,0.023341112347215698,0.014734069298427301,0.01643669334007271,0.02287366414253725,0.034745692248257014,0.04989856160719557,0.09412950584521335,0.1937004355117491,0.18069790198387392,0.22849398361469414,2.0632905727327913,0.18092961685951506,14628.082799424848,81.40760651458955,,,1583359.3577863758,,,1260532.4711370994,,1265158.3997647099,,1375658.990132863,1153809.1627627406,1501139.0118445887,1357795.4577259277,1417313.9793152513,1004347.5788421172,895306.8687508947,858274.2691757691,889020.9184879143,1092450.5049239865,,1360676.3834445693,1292542.0332817214,1596293.2508546358,1565282.8564827763,1259697.8213943597,1192640.1692599403,1298334.696280735,1681259.4183546796,758370.3709632908,1143972.5768338824,719471.9664257541,58.39096531143656,0.001297796199755301,25775.381675312834,38.10893085675047,222.72450119754396,245.95697847119988,1172967.4023439167,1914139.5342716097,2161385.966023545,56.21673851656964,136.9758226118934,2867.7879423001086,2267.72599550958,2611100045380.4004,1
1040536340737665.6,299801.7,8583653.553250443,1572.8633813328538,3.1084011094702245e+42,19402594.0,3684.465277514856,inf,inf,0.002660611846202264,0.004368555222310727,0.008375696118638972,0.01645733285122134,0.0,0.051446748663563725,0.0,0.12539184816355173,0.18999518953272798,0.3339604051012911,0.5384202576722258,0.7414964104449479,1.0438310012520164,1.5474429899976982,2.4896625423528205,0.0,0.0,20.5842624653954,43.296483397698196,91.2224111128199,0.3689717160514692,0.24291378152587353,1.6265584306623808,4.651962275484317,269.8658875666789,164.7877963800078,426.31384878799645,178.9893190058414,632.9957474464493,496.90373166978856,338.2189239727909,1642.9885075051955,42.28003651937636,858.0179109845859,3.85811617710629,1.463734154642017,0.5654887265159364,0.19504245663446484,0.052743791271283584,0.02251555054312761,0.018370292763819705,0.011296146828366231,0.00886528088512667,0.008775687442727258,0.012360455427661064,0.06380171295501583,0.0644415553181575,0.12654038042567609,0.06897188566147575,1.7111542544208571,4.787409359809085,12.943825173914997,10.043387005922046,42.445591707440876,12.142196781096917,22.107380841496433,1365959.2938467113,50.395113731801715,,,25932.496638137276,,,140455.23246854887,,22896.386106820468,,28442.93766048629,20558.073803952288,35531.27001812146,27435.466664613225,167042.34658935317,21903.407989959764,51687.24340795002,46285.908401577966,70667.03115764743,20971.20826640493,,57918.87380530381,24606.49778682834,25776.300014443805,24500.853356587635,39354.337188001635,27150.67089332432,28055.405908768982,68223.15003951653,31413.50086575378,54166.18948044208,23941.464832023554,49.624100314663394,0.0012888851281989474,47710.67809763298,8.124071385362514,2028.5234537229867,48.93154304851973,133328.52811408986,39073.07522256339,415611.8616477716,89.87944171986233,76.35402431673144,4024.275970616789,5554.0711415898495,535299280166.3688,0
1326425783845436.5,281735.44,8273614.308801392,1614.5805186978205,2.1122944790512193e+43,39840296.0,4089.0177457544487,inf,inf,0.010206354867026828,0.03756618439550733,0.16138336061915665,0.2908210838159682,0.0,0.44657687919408057,0.0,0.542473492138746,0.5790034322339086,0.6514113708454706,0.7699817159757884,0.8431872343902375,0.9741949328672239,1.130649102093769,1.305129704002131,0.0,0.0,1.984707986101755,2.5889571829996845,4.498299522984744,0.7850439403991986,1.3527130730778334,9.12572816419852,26.62486275745196,34.022898509493984,29.442767722155214,22.081801956689848,31.673037317699578,22.34463001386051,23.687384659100776,24.419513021826184,373.0639154849868,6.204244011179459,138.64682176653386,2.1166239918404903,1.3744169969231161,0.8395953605378442,0.5440726993952848,0.35167389982117786,0.2144646957248029,0.15995582321825513,0.11944276381563898,0.10112233560170228,0.08292529807057207,0.07631613194585696,0.09668693871054497,0.11166392546046748,0.13400959526564635,0.15994771587510176,0.4661371446110703,0.49122901303066707,0.8498078002714964,2.3493667616960647,8.12882594285838,14.79245563205485,27.865365128540002,1639743.0836227958,86.67038853849581,,,154462.42344797973,,,209565.06178005837,,170477.48745726887,,173810.9146745014,122429.28379322328,197963.79237589356,172539.49103314354,407260.6045779302,137145.862192775,145651.0542718261,148605.851799176,182480.92524835575,81517.34670129843,,204507.01729180172,113093.29508672708,214409.20434272446,203868.1023493874,142473.99181591888,184854.6057674483,173473.51284387405,426295.7638139935,151020.09964683227,487309.1084077277,163102.4411891137,275.41411356042505,0.0014510588872954022,38678.14118925521,5.5860756285069,243.4551132835996,2613.029940019961,510986.10240579373,491473.0752973238,860630.276524046,86.62648195194382,308.753036669566,4286.206360441873,3806.249200293544,2977937644151.159,0
1348079306704136.5,282419.22,8514665.048466392,1332.202990092897,2.5886664655489713e+43,243026460.0,3399.162007478002,inf,inf,0.0012824908600369961,0.007025338658848076,0.05809091602010353,0.142534473592303,0.0,0.3600853376376253,0.0,0.5535002620475113,0.6350862543206456,0.7453530556985665,0.8534799161475066,0.891982684801701,0.9363379968083414,1.0047868968352285,1.1645376076481961,0.0,0.0,2.6609816946377483,4.2380885559350325,9.815765259834398,14.02393581788417,31.07594483034172,144.6655008021298,32.6545949910601,13.68615563981867,17.448887034141464,20.08781856637405,29.923935605004687,25.272336115270036,23.18740828078646,20.687785364806754,5698.63028255682,7.129094566974758,1965.896136671778,2.329034562463973,1.5653716844447532,0.9941328386979652,0.6132373545551872,0.3554843523197356,0.2145489710901607,0.1729185129737733,0.13923461294185632,0.12631268535792925,0.10869841514367072,0.10635357592743493,0.11700989863572822,0.1494507462834428,0.1743957941653319,0.25507733095360574,0.2191167302802044,0.20194123698279837,0.23635793350148077,0.3207659732039586,0.4296624290432622,1.2777613800063667,12.21559705959291,592692.867250983,196.4472894531752,,,328204.0807758078,,,295363.1787769623,,475378.8398045031,,600014.5424023829,960304.3090441024,1104604.2039773208,365763.1588515379,1277362.1431591357,410478.0736362387,340687.2083449549,302018.14413414936,324953.6021556333,269733.0574117715,,378400.9089331917,862970.0720040917,338585.26814250625,265558.2487780083,121491.04769044238,165256.93525407047,227540.39637843845,2365471.7355036507,4857776.039690403,23392451.85590823,1229646.5275961868,341.0335924271769,0.0015634637523478305,38639.75034315944,1.2034239245352305,1862.399712267559,3034.09050463447,4244161.076502572,11387907.437027568,39830454.307625696,89.31086419125046,665.5470843665016,4159.030560099948,4375.244811542157,6877778129154.792,0
1687286344760757.5,305047.6,6279823.345110783,71.50928501618928,1.180978688504886e+43,501933440.0,4808.049359274406,inf,inf,0.0012293851283660857,0.005042655793701993,0.014296136885300582,0.04103690822398172,0.0,0.12540245330906932,0.0,0.2380212517470036,0.3085593245204065,0.41898325771117606,0.5915044914140088,0.7957290425265571,1.0453631894945365,1.4791184071470094,2.1560028994984366,0.0,0.0,6.2906765505302475,11.691702640213931,25.551762092037126,8.745112192581084,4.299046363436358,12.849279635189653,57.69097301597084,201.10613697192676,168.15887658220709,352.21845276237354,227.35027868538447,95.69417523489412,41.24327848532698,20.94822983328219,335.64635980228115,5.573822289098944,18080.873176019075,2.3736570492986284,1.9111043381399841,1.496563533167835,1.136201516843777,0.8656748379817623,0.5502461540831844,0.3636532194326669,0.22443542339360145,0.1407292935934364,0.08128439059048745,0.05037698996155134,0.036114284186112316,0.033399551708979215,0.0351413472423627,0.05039831191861419,0.06828437634879457,0.11456626204433061,0.2176138755981481,0.3399530648413536,0.2853616898626506,0.2617099258291318,0.2495302302744381,7258.522555563012,1070.969429972135,,,661953.7317358295,,,564803.4501284094,,536442.3502040291,,511501.4347843953,721840.3698943781,561189.6315639181,467582.33104074973,794116.3520246636,461998.04350100004,509744.9156064497,605435.0425756748,770191.5640592389,517557.104127762,,646501.509709766,734182.6730756586,695435.0754463382,670678.2708180053,637038.9183330965,667509.0451828741,674308.9138930239,1855168.768989479,727707.0147708482,5202141.804745192,338883.3790666565,85.42763989443702,0.0009876149791017092,26708.931445504542,0.8065387876132318,1650.6770545322431,4196.7789939913555,1537305.2372026958,1236219.2364899258,9702463.23082057,65.84472823571542,264.5318513651788,3703.9698140851106,3094.8378559584908,4196151867822.3203,1
1353908945566415.5,,8135300.992537579,9122.820895574241,1.1955559990703775e+43,372853300.0,4036.8210442270192,inf,inf,0.0029729300170013196,0.012470461002703336,0.025355479694668843,0.04041179640608462,0.0,0.07633996663555195,0.0,0.16146295920438872,0.23544513706233147,0.34815431684379844,0.5266075739013946,0.7486496936839302,1.081023961491479,1.7028592867522656,2.7760275626538813,0.0,0.0,10.948399048208367,18.926086934135796,40.1310945605935,11.277197559087071,27.222538103026725,69.97409847786668,113.65509937991061,95.2029898198529,139.41648281677627,106.58472453284583,102.6962783457029,54.95497830904849,32.79498242189991,19.399523471229767,9354.086439076096,5.25098620680505,3786.1447467292655,2.0918346504129124,1.6091455187314696,1.2031882261965736,0.8542481625694288,0.5694962755362657,0.34096210954223927,0.22748089518459277,0.14012423513025518,0.09323339138756201,0.061843151594612816,0.048073841398694674,0.04259764711765239,0.04944324122831279,0.0615689751514163,0.10245607561617064,0.11866309703244457,0.1633338768230363,0.29693318364261345,0.48088216304064496,0.5465468912717096,0.6717537823106408,0.765596128344763,73319.69746726261,570.5578915984873,,,186281.4163708003,,,189701.34648812865,,191737.06287156977,,193075.77339094924,123095.91449281177,259318.25336660273,161014.10581478625,752225.2565535015,101889.1623714471,114675.37556811611,122177.3552271047,154600.464745432,76454.79554319968,,162111.19253360445,207040.2491904805,150868.81407608726,145375.57168661524,123550.66832722074,138974.51674217422,144377.4190090121,571988.3076008117,258546.64470343303,1435763.3986132015,172650.5417163787,145.2548309668755,0.0016388509065707099,37528.20726510703,3.3679213568087016,2509.440473604861,819.2723487494377,512350.24418618536,377975.0452244943,3705519.0001974865,84.75431905748836,466.26564356243534,4209.034264048127,3896.9900564623467,4984166642291.568,0
1164319591996982.8,293010.28,4233988.546040988,1150.218826414426,4.571361103737008e+42,541351740.0,4471.8855471436345,inf,inf,0.02257804024676367,0.009168471888488416,0.01508309527193535,0.032472646653861424,0.0,0.2734598089501496,0.0,0.3043518858433636,0.39748154803978025,0.3860887871447348,1.0582315927076604,1.3473994753806733,1.5042061124044657,2.5574528817641613,7.598360415012828,0.0,0.0,0.1654565586928607,4.342701716344745,0.020428808704675172,0.007527224012418293,0.011495960745391939,0.0495536617270712,0.15982381665085418,1.1145656688874184,0.6201511127482997,4.4691181852935635,49.45835449489685,45.25717458846034,6.602916341917995,48.793012587333735,64.2443748124314,31.056595233750937,870.2566132027999,4.016530307412828,1.6250823293883956,0.6790432516782774,0.2628340852436464,0.09154990272914264,0.040913333439822404,0.02793058393632017,0.01740291286575761,0.014702341060462414,0.014525618118100742,0.017163593649484145,0.04551043240920874,0.057016268009577216,0.08754439437418866,0.006421872004660451,0.8387754016070805,1.5713258453792536,5.451309440058236,0.6982487807128667,0.27593583237707736,4.315555030133133,0.22213506896702523,10470.30118911252,28.289003110455944,,,1071203.7635188755,,,602197.0195785334,,561032.1582143677,,564131.9994660784,962359.1705338072,541425.5685191537,572769.697507622,1274492.399218242,1463466.5597785169,1320813.7668843556,1525415.3541239938,2336561.661669551,865864.757677509,,568926.4609348996,1177886.4604880358,599636.2620829045,601596.8633542609,857063.7212108334,851524.6713080261,827763.0680696177,2017460.7487935894,360046.52196769207,966632.2028343832,258632.14990025805,34.666004995627105,0.0005832699605304477,14795.093137823482,3.92726574675103,751.2962461131561,831.348550230117,837776.48723235,1914004.8434032176,5476672.136143793,45.64273996789533,68.18001912695314,2042.0787087011058,1903.1210880375907,941374526395.231,1
1158623449222058.2,292802.56,4234859.739739195,1188.291695813973,4.420863059030322e+42,619677200.0,4272.888559294071,inf,inf,0.04403712066189877,0.01948333340611055,0.06022138554779439,0.27473351828622067,0.0,0.18781986786309326,0.0,0.21622017646397532,0.3434346896570566,0.4761624334149892,1.252857895666574,1.188649589697765,1.809624933076146,2.7190738819269833,6.319022150445397,0.0,0.0,0.24811391013012057,10.09676243867241,0.014441521750499633,0.01566514766090486,0.020318968901745713,0.05366429849672502,0.3064516091636889,1.3347813743220804,1.0709788671983662,11.145363219379677,75.53178088690859,58.48626079506827,94.8293531642644,134.2418157976142,2236.7830698729917,28.899720303299382,865.1743316755956,4.016233352195551,1.623837963249282,0.6631772901553856,0.2542681709424689,0.08991974426051458,0.04146227755549951,0.02916379187274276,0.018418015738074483,0.01579470903580424,0.015521491501351903,0.017359248221078073,0.04473955863720801,0.05188513971258379,0.08750484350398016,0.05335129299941167,1.0086757107617443,2.3762031885231814,5.716329691826007,5.48731960880651,0.3532534607425948,12.733951218082199,0.24001390245462295,275307.5703870044,27.72348096672439,,,799322.7446445373,,,664625.3092519202,,553247.5017744034,,592931.4805741656,572409.8250093199,607105.5335017872,623187.4646094657,886704.1261651509,634546.8675676042,587493.8915279644,665931.6141319517,648398.461055985,584208.8961379674,,633595.3086943217,631182.4957921118,621936.6517192257,585261.7451649263,710090.8171531522,720622.7847147878,714762.6728933145,675520.6436582234,315995.0565483416,734858.9622998732,455559.5822979831,34.90823910173346,0.0006403503259452015,15305.202002490198,4.965067938598424,8379.929289891325,1867.3332425311476,833849.816938084,875324.7621488709,979404.645248092,45.594494239812526,69.47666583867786,2053.6778226552146,1862.8241928063676,997448268426.1826,1
2087536174617612.5,298296.5,8744881.705338562,1647.9396449879418,6.431463136802102e+42,55839884.0,4569.605630871442,inf,inf,0.005172211980344804,0.01522905419392797,0.028728324898308833,0.03931373592196221,0.0,0.0671181179866844,0.0,0.11037549966267046,0.15075639957745732,0.28611113219234086,0.5127533245481888,0.7228341251461472,1.0492057986596517,1.610994665345783,2.583784614257624,0.0,0.0,15.736153568028671,25.600753717742645,39.78447229963615,1.9159031661447388,2.064536590198119,11.09414970537721,50.63234301467725,105.87668115669764,481.52812156553983,383.9518770408617,512.1297550799496,172.6931840482925,108.87348684370981,69.91397259820344,753.7569877598165,13.836678877724237,1109.0189768997511,3.918004638622757,2.156000340698012,1.2235187365655475,0.7527708097829068,0.4278599844816225,0.26734861846210434,0.23572548260241274,0.18027527513156794,0.13361087578046646,0.08718454904758018,0.05766914829109911,0.03992929490279472,0.04155732978846501,0.04422321073181103,0.0717111127912744,0.07736530135745459,0.0967813809252333,0.20631817045908896,0.5875331976352169,1.1923654767511551,2.487157750957959,1.8387688281347447,293615.2031591964,65.2945085528659,,,282511.40520862717,,,189908.77565711594,,166201.09231426328,,152482.77743305458,52852.218174891575,136716.17823117357,148045.35867455835,204997.98132670356,59747.68090609252,90757.20429296025,100326.28265496435,118157.05367429707,44850.174004735556,,251508.99190347546,87412.70536236062,226109.85859350703,188962.64140674536,122822.7711916762,132204.1276024818,117771.26845032156,377362.21942726464,89028.25861477993,250575.4556183358,80022.7945752516,76.39589428494511,0.0033251016579352796,29592.20767872991,2.5321686505946626,663.0976955898155,143.52616246464981,628744.9286779177,230054.25981906735,646763.660087737,91.93456876737153,136.54576110050397,4666.068238525563,4208.486892806703,1479885864919.4683,0
409570855257307.7,280047.78,4023333.6581742433,31.727081806976578,1.0132970500220569e+42,33170362.0,2929.2953721938675,inf,inf,0.0009525402168323253,0.0014962337294591524,0.002826828160942646,0.0046566920202379914,0.0,0.01399703350791403,0.0,0.062396325701307605,0.1358219751473997,0.3115886573838011,0.5785972553011903,0.873488111052266,1.1691709673007584,1.8899660397435816,4.156617260582413,0.0,0.0,52.52509999898453,147.33430464828643,18.435958167658544,0.7161110577597045,0.38474779398401227,2.3174021121815596,3.849842949181056,117.91063503170606,39.902999626421014,638.1876280855388,197.69545643884018,1759.3563637310797,932.4621467404597,624.9820623627354,2197.366209654475,109.15172415649451,890.9974886991525,6.947482830998662,2.145184697722498,0.8549350675627609,0.31029971723812577,0.08218131691214328,0.022845609969848007,0.012505859372577978,0.006968734093149919,0.005086519804650276,0.004803344120552025,0.011540680169988347,0.06312838491930557,0.07049679812381757,0.12709683696379925,0.08883141368120351,1.4120105511055945,3.0050025437193155,6.791481299141853,9.874008787862167,4.812105527432617,17.588196406256095,14.805314289866327,1498583.2857649839,56.81491321439738,,,326148.78891456383,,,289099.252172971,,266911.74530332803,,292675.6706266794,267793.1735260821,343567.5154510994,329470.6790519114,393496.30352614087,207249.13924792592,235287.60839798313,244759.11771571083,241221.72266988814,256576.40111773866,,333639.59298077144,294383.8678665646,330812.0520339717,329826.7176498311,308770.86298073875,308506.00752717204,299748.4351897494,351382.70910297934,150597.5030979616,361434.9784444977,138432.60923618524,16.47404038000166,0.0003800626141943651,30290.576033641337,4.155624400638947,99511.50200926924,2682.5950457506365,417299.210525181,429787.44168147334,614951.067156723,42.642933914843454,16.117603177449606,2238.873094597695,2329.9300536403366,86177918579.94887,1
792008223265756.8,305034.88,8627903.629105471,150.40557353493844,3.3948182624888533e+42,9549024.0,2425.720248095468,inf,inf,0.010535916200728685,0.012103776985060571,0.014126049083400425,0.015378653268295711,0.0,0.020954211966975115,0.0,0.0372608339453229,0.05930695207982818,0.16527003416391567,0.4271207823011653,0.6969149970078375,1.1193388606053913,1.8955498682373475,3.724121123079246,0.0,0.0,78.42026096275575,149.43278987026582,223.12228846769813,0.595133469195341,0.3003011391486734,1.876938235794339,1.5668308600448912,805.1161477388466,33.69299434373265,362.045001246304,13.968201466703915,443.2823705876281,975.9179868271395,542.9370655379827,1166.8449530217551,298.8315374512657,805.6551493080098,23.858037437915446,3.984169435528662,0.47953798443541873,0.07888574378003065,0.009729935718844049,0.0034272532944627293,0.005026088720757679,0.004170207151720299,0.0047022429887071185,0.006066004875863648,0.022790127354695516,0.25828926829576493,0.24146354978777682,0.4483056406748343,0.08465154712552635,2.4064476832784942,8.338384579425028,30.786772687754567,15.609545303489789,93.96157329162315,21.403263487755186,51.78752607051267,3338088.292892367,68.57422384452079,,,36306.57044684324,,,108036.81801556944,,37018.10003776508,,45126.74003647272,25070.591383511644,71191.32571793026,73115.82377604456,248489.7838435517,27339.424851723452,47564.801656617536,43908.19620708874,48036.34119674345,22978.240294346804,,66131.58991506227,28474.899720672933,47198.09395549161,42566.36615069476,44969.52020096914,37826.674953602414,36198.400786901315,118582.03055096773,56124.05618110267,107127.57791031565,34133.0596218046,66.04371414980645,0.0008960380290946454,65077.47793775841,13.878412413129874,60431.79561287933,96.36002883367442,193965.28136602388,70830.06802222991,510139.3751269131,91.19115466433243,51.69998540082779,4452.651172662521,6111.865280909426,298875480124.1044,0
789813333040810.2,304384.0,8593043.240209462,338.21088992618115,3.893539301853443e+42,9128131.0,2201.337196735605,inf,inf,0.007847826482593408,0.011208774425538701,0.018315644556769806,0.028701838885607043,0.0,0.056185359450042605,0.0,0.1265676585858116,0.18632848462826979,0.3180816626997802,0.4938456543567613,0.6722628994836162,1.1147391387558474,1.8142847244163132,2.8446145396161033,0.0,0.0,16.278659623516088,31.215688123186172,63.77280010306178,0.6883042572867412,0.5749100371723216,2.758141610733765,8.691864168575338,94.00949578479359,188.58681978109294,168.04975237005902,106.32014675929169,311.6504990795722,421.03251401885956,390.4543652630078,720.3771317765405,31.866729531917738,336.9494847080764,4.949137576174899,1.8493468008533538,0.6586773440921637,0.30792144432145935,0.08778028049994212,0.040013256883159355,0.039761596104953084,0.022239074877798918,0.014405596184506856,0.01132236270835391,0.008665106949317268,0.03064311546985345,0.03514840687354311,0.07033434368399372,0.08204796195842456,1.8341048115320098,1.284308126596317,2.6975100867779673,6.11750860612764,4.3792919835438395,10.534496616967152,7.098371234606197,2206211.7141071344,76.84316857173116,,,30690.45848202564,,,96219.01041451638,,20902.67434253759,,21759.676669078857,16516.41141714382,24257.387957519462,18467.908494636606,184416.05405965995,18603.634733717154,42545.578539684124,39670.60137312334,41592.53578651459,16686.993881155653,,52971.630485387854,22594.50993505706,25109.705586346823,23448.19339519771,32263.540141478676,21238.623135021906,20381.466578635605,74742.012185828,38535.05245395176,71270.27220851072,23953.488446928055,73.68541136086294,0.0009466233440172622,67272.93355683661,13.932327387985282,768.4853940326346,74.37700195514284,130085.2589827941,50307.654934983715,500185.74894246855,89.59745498578894,54.1253900694043,4598.936893786693,5890.060403254122,327440014685.91394,0
1338732470110363.8,306852.7,8500387.056606747,932.7989395217734,2.9467242797213204e+42,48145970.0,3960.2020118301925,inf,inf,0.0006217635665826234,0.001668742614814047,0.005489563501201793,0.010428661795896311,0.0,0.031308081456689806,0.0,0.08586467533898369,0.14593302551881712,0.2759899871253568,0.4660686978177261,0.7245107097597212,1.1653650992744802,1.9740865825192442,3.5680243243504384,0.0,0.0,36.78961583039172,91.90883635463364,253.15334137544585,11.573091936639713,8.914001003075818,11.20427869614273,36.314772651483615,22.316254766465573,127.1439085286557,122.20223082236873,291.88596943296915,143.32091325755565,115.38502399093723,81.43119971851408,2521.9195473702466,16.083137226857634,2601.7658330426384,3.8007834382105234,1.9931316747466619,1.108081791132653,0.6335571250813781,0.3036788211423432,0.14912681304938072,0.10506466684373904,0.06600026837026877,0.04721353772065997,0.037515373247464734,0.035002250162889374,0.03573772563537599,0.059037333556947756,0.08075596220737688,0.18194487760155617,0.13435479966063235,0.11791506713876683,0.1889224310610018,0.2436244240112851,0.23263702111707246,0.3551855112182207,1.9287849122939316,1020598.3560020932,116.23395357316113,,,36384.70393992405,,,101932.61593207187,,23144.704221282365,,23194.67067659864,19792.1554657171,23540.410852877696,21978.10760139068,168798.92426197702,21898.14827771108,52876.474320586916,47592.54051669699,89089.35512441104,18369.4441619269,,62457.231798796165,41922.33695029241,27656.817416120037,24445.748818842367,25168.787252560876,23083.04457490792,22530.811869938152,112440.26274281599,43021.27901779137,74154.46600684765,22858.353966316816,45.580964694810575,0.0020808463466180575,49238.588348647216,9.217268358379542,9902.85401105841,53.33293798655089,141901.79766304768,38604.163934050506,432448.1739903012,87.53139406562268,63.591685849713684,4667.753267071462,5352.263694773801,508175126150.4687,0
1333490758649249.8,306708.8,7091664.253991455,245.68580796138485,1.6537534263612794e+42,145195790.0,3932.6707320222104,inf,inf,0.0022596620240951677,0.002757323729312168,0.006644721720785371,0.012585552991905422,0.0,0.03771496837411368,0.0,0.08983519806060623,0.1429388240024837,0.2695332080049298,0.46153220849526727,0.7114558201133029,1.0948966819763681,1.7566421121359475,3.104176076264025,0.0,0.0,18.570292536007557,64.48427404351658,11.252141466419936,3.1790132170347367,3.7071236657398328,17.14113115672322,87.60714219713908,83.27556331383921,386.57488123414,273.6353263338947,475.98752404932645,171.6205355923784,103.38777507431294,60.03449644352454,3055.572998344727,11.49032176915019,2951.8245421207753,3.3545867141920733,1.9364714094390925,1.1185026681331702,0.6509113091809454,0.35557418136882846,0.19945419762441788,0.13643338249348932,0.08321149149135068,0.055605182424788055,0.0372869563041421,0.02811219019523351,0.02616768213340706,0.04104755290353957,0.05799467804603377,0.13022978511350414,0.11606207301220144,0.11403365569522506,0.21473419077644668,5.905569057776748,0.6216376202670065,1.4088488542546862,6.499112683776029,1473918.2641124218,79.02275031340156,,,369732.8835405442,,,380496.7943545317,,314855.2894988471,,363554.3315307433,301067.6787885316,322167.5086943771,251328.0057254411,371447.5032513891,247255.5702127261,296292.3067791181,375147.0575709207,462909.7580153268,295567.54579516035,,454747.5178557572,389477.24740447925,489421.05569017347,439422.90533782006,329353.96654550324,331132.92002854374,329514.2235534207,370016.16695696965,175840.57135572223,435136.6683704528,266073.44476510095,18.538350027399794,0.001809329704010697,34171.58875029899,3.186735349674418,433.8894504214205,5115.885337923962,360185.48688492796,287078.1150412696,909299.5958071764,73.99016880832231,29.482955807082593,4051.6357645558182,3768.2798689011443,276089220194.9797,1
896609907714848.5,290311.06,4637450.75996185,195.638329019385,4.35824272571204e+42,351733630.0,4056.871891082954,inf,inf,0.0032274759250770116,0.005888664696818819,0.016497508094354966,0.039349146288152156,0.0,0.11269117781406159,0.0,0.21707699470384528,0.28254247179818015,0.4057930598608131,0.5842364024494817,0.7898091309883124,1.1441517497174034,1.7029379840778651,2.591768267880433,0.0,0.0,5.16444058487764,20.90549396061253,7.625866706599792,0.4874612341311458,0.16962521660931543,2.2699476401303587,1.909718465175775,7.13914613104274,12.496837809694464,119.6743392369713,228.53144755205867,139.29773565301417,50.753375231274795,52.29650557651793,906.8999113785319,9.41779115584017,1771.3551370442913,2.7696762646548545,1.7571115770801167,1.1362608350915557,0.738992879276647,0.44998578315469767,0.2541802833225826,0.15955855109565706,0.09092418267629536,0.05874037985314063,0.041000291753039125,0.0341082969560333,0.03495990637464558,0.05316644239029563,0.07787179139553461,0.15158583690416802,0.20416884214438047,0.22727169710497325,0.3546177214469485,0.5064997497195217,0.22271939958175982,0.7395007864254206,0.404944075257033,238232.60790004002,122.47424603397074,,,1038745.517671866,,,1110081.747548284,,1436770.4401572815,,1279239.4022475223,410769.5139036592,969755.4511359759,758797.747287166,1174602.1876197394,637471.0773456258,393433.48320302035,576441.1633901258,1178111.129441821,409782.3918349435,,486442.2154165989,535202.9644138184,367770.4007595892,332878.4918061953,451787.86174127436,565114.6420795186,513568.9188946397,527499.4752624953,258815.08435933333,722412.7686819308,219615.54578285778,18.943367201779992,0.0007477472434304605,24367.643999036998,1.5705781472096205,37045.281907097575,1547.7163426043587,429175.70820090646,652005.2287462191,1713000.5705088053,48.625205165869716,29.46926490323937,2634.168858815884,2380.9962486882796,307866928659.74023,1
1319727390505444.5,292103.6,8452754.8307621,779.0844560241777,1.8978504977573792e+43,59480184.0,4136.450097136488,inf,inf,0.008081336509734994,0.05273014545823717,0.1930233867961394,0.3369021917414679,0.0,0.44547022203425335,0.0,0.497603396012187,0.5493255990659167,0.6238312741603027,0.7304586300211962,0.8206050573667757,0.9734864062560283,1.120470774800078,1.2662778123177632,0.0,0.0,1.8147138559763558,2.3022955396899283,3.79041689048678,4.982088785987829,7.002651935331212,42.61335811430124,107.58155579850673,18.790442909489666,27.345567981901233,21.259824396581152,30.683300272842583,21.59957418561727,25.613016163063676,28.67079990796683,988.2075157728883,7.709115456865299,5578.231065720669,2.4812518763706937,1.5242003117422216,0.8859912102882523,0.5506532701173443,0.24960392263103065,0.15769740555954054,0.13817856613162335,0.10948615707448271,0.09981368225314619,0.08904569175844561,0.0829817406155471,0.08771583972240045,0.12413763596751155,0.14622181456525313,0.2579759683660763,0.21954440633582598,0.21115808566738842,0.3316957819317425,0.6663605033831054,1.5260099922588868,10.42809831793318,39.80814827856104,2656123.851516976,51.26974170459635,,,74670.07241993687,,,126874.88390396793,,100032.50503660548,,109922.0999985826,37801.77633735909,156051.10130856233,87561.01502036878,154808.73028532125,48634.9977235461,68918.23464469235,72076.96931479305,97299.83453893272,26641.718980162837,,147472.54615919074,66390.6673380873,118823.27972459146,110732.89973783809,45455.189576921795,55266.48099472279,60937.09162444387,394731.88516857644,99557.59388381471,311838.2699367623,60975.81181156623,234.68750753662587,0.0016911327262468536,48998.60195019063,2.7018206186028717,2314.7598070459007,429.25699045711195,399941.33821424213,151522.21353903244,1122599.0580739018,88.68566781580003,234.8524764956258,4327.405403394923,4997.253207338141,2298141209439.427,0
633050472429896.6,308791.5,8346477.850451362,2032.3353200588626,2.478557083814398e+42,50043430.0,4389.610567327915,inf,inf,0.0023186406806960306,0.005267738688999275,0.02965786363005232,0.06606924170653207,0.0,0.11389370902637264,0.0,0.21130597082846636,0.2773653724748416,0.4010264594805015,0.6055790940930365,0.8434969610217371,1.1913154010389606,1.6875514699959762,2.310355575878569,0.0,0.0,15.62685817538396,35.22057654435649,83.64517596564184,1.2698679255663956,0.8702257492734544,4.117889365186423,27.469952541898994,36.64932793540308,407.36685020661844,466.473773464343,1182.1951591642817,297.53488541717826,240.51422004317095,196.29281700460947,13191.162279369397,18.359142782650885,14576.789930499632,2.760776219390153,1.3361507894936513,0.6496369795141042,0.33113209899818,0.12276716184224411,0.058943159367543414,0.03662897261017097,0.019911506082378787,0.012175634531500017,0.00984100956249365,0.007655381145966046,0.01092194978928467,0.03294139103085564,0.06142901316116062,0.1621265748910551,0.7894243912464768,0.5652595250811682,0.8634239640873821,1.5485060401775776,2.0466979530631644,3.860551830102756,2.9628525696862607,534479.7145427159,36.001023442552174,,,104743.405211769,,,145681.04415150234,,110778.90535548617,,125201.12838701543,73618.26974446165,156655.9789675377,163031.4526533577,333061.1258787167,132014.33237860803,129897.89380407752,117802.68827393085,106687.77381282419,59256.7887643904,,157112.9493193489,102025.10379123206,152757.65808698747,141854.47470788215,96264.11436718266,123341.3605133445,114816.11284845599,357241.35415250115,93234.03260793808,398876.084994765,72759.27568262338,77.01064691400622,0.0012072162594802562,68166.99090795786,5.540066232552674,507832.56988205673,691.8312586800533,326825.10927666904,190202.89331923003,546480.0234093342,87.88428176325316,37.14430809165147,4100.3653268256385,6611.936726906339,128566216171.6397,0
1364588554850046.5,,8503591.935873915,544.5889141611414,5.783723996327397e+42,185545250.0,3212.86689560749,inf,inf,0.0037973870556767936,0.00905046488270085,0.01770256062036719,0.03185808071890325,0.0,0.08303478906087204,0.0,0.1981605091968103,0.29299743821110164,0.44442008021519375,0.6456212527936173,0.8359129568249803,1.0708645752207873,1.5354923449899471,2.3753814743726975,0.0,0.0,11.379497366185191,22.27471940765243,50.41594676523189,43.21754184185481,31.289222652997534,65.21907653555473,149.4952700654002,83.99946464177856,241.36396274634723,205.02053696301482,259.18337818907315,139.95886695297165,95.42769059787433,58.527412177857116,37096.61378833433,10.678608878819677,22484.95281880895,2.573486426141467,1.6565897596929269,1.0862773987799552,0.6831814341112358,0.33474519354868876,0.17626966994488213,0.11860755174389673,0.07082378059702818,0.046849919622723,0.03345461633428753,0.02988111839728327,0.028293486260334896,0.03732688856271002,0.045676804951675566,0.08386056676153601,0.061801953356028144,0.07193625897420007,0.13115159547645144,0.2082328564639264,0.2643191842803158,0.3176426440384261,0.34532482323315467,447116.1643294233,53.66210466347859,,,71771.39633233458,,,154011.74936482267,,73308.92118037015,,109243.699765923,159428.37223573105,237235.27043788685,98221.21335841458,393954.4021210217,93078.63209434989,93169.73080798717,88337.67942382736,89413.92183223608,48190.22670181419,,102192.59911538004,79759.05128877879,69099.03946769984,55539.64625057136,44082.86019299428,43295.315517777606,45926.416146548196,350731.3140275875,329075.77209555585,291706.8581522518,111661.16440382593,70.59901166513511,0.0019208491064729928,43253.58928184656,5.690265777345118,7692.661697407482,411.3059032371541,467270.5569830887,751226.2594885909,1283875.2314233081,89.37356332711622,213.95568256144404,4466.865080451198,4657.609190765787,2342210903835.8594,0
